{"metadata":{"kernel_spec":{"name":"SQL","language":"sql","display_name":"SQL"},"language_info":{"name":"sql","version":""}},"nbformat":4,"nbformat_minor":2,"cells":[{"cell_type":"markdown","source":["# [dbo].[ctdathang]"],"metadata":{"urn":"Server[@Name='DESKTOP-9U5V67H']/Database[@Name='QLBDC']/Table[@Name='ctdathang' and @Schema='dbo']","object_type":"Table"}},{"outputs":[],"execution_count":0,"cell_type":"code","source":["USE [QLBDC]\r\n","GO\r\n"],"metadata":{"urn":"Server[@Name='DESKTOP-9U5V67H']/Database[@Name='QLBDC']/Table[@Name='ctdathang' and @Schema='dbo']","object_type":"Table"}},{"outputs":[],"execution_count":0,"cell_type":"code","source":["/****** Object:  Table [dbo].[ctdathang]    Script Date: 01/05/2024 12:04:09 ******/\r\nSET ANSI_NULLS ON\r\n","GO\r\n","SET QUOTED_IDENTIFIER ON\r\n","GO\r\n","CREATE TABLE [dbo].[ctdathang](\r\n\t[sohd] [int] NOT NULL,\r\n\t[masp] [int] NOT NULL,\r\n\t[soluong] [int] NULL,\r\n\t[dongia] [int] NULL,\r\nPRIMARY KEY CLUSTERED \r\n(\r\n\t[sohd] ASC,\r\n\t[masp] ASC\r\n)WITH (PAD_INDEX = OFF, STATISTICS_NORECOMPUTE = OFF, IGNORE_DUP_KEY = OFF, ALLOW_ROW_LOCKS = ON, ALLOW_PAGE_LOCKS = ON, OPTIMIZE_FOR_SEQUENTIAL_KEY = OFF) ON [PRIMARY]\r\n) ON [PRIMARY]\r\nGO\r\n"],"metadata":{"urn":"Server[@Name='DESKTOP-9U5V67H']/Database[@Name='QLBDC']/Table[@Name='ctdathang' and @Schema='dbo']","object_type":"Table"}},{"cell_type":"markdown","source":["# [dbo].[dangnhap]"],"metadata":{"urn":"Server[@Name='DESKTOP-9U5V67H']/Database[@Name='QLBDC']/Table[@Name='dangnhap' and @Schema='dbo']","object_type":"Table"}},{"outputs":[],"execution_count":0,"cell_type":"code","source":["/****** Object:  Table [dbo].[dangnhap]    Script Date: 01/05/2024 12:04:09 ******/\r\nSET ANSI_NULLS ON\r\n","GO\r\n","SET QUOTED_IDENTIFIER ON\r\n","GO\r\n","CREATE TABLE [dbo].[dangnhap](\r\n\t[tendangnhap] [nvarchar](50) NOT NULL,\r\n\t[matkhau] [nvarchar](50) NULL,\r\n\t[role] [nvarchar](50) NULL,\r\nPRIMARY KEY CLUSTERED \r\n(\r\n\t[tendangnhap] ASC\r\n)WITH (PAD_INDEX = OFF, STATISTICS_NORECOMPUTE = OFF, IGNORE_DUP_KEY = OFF, ALLOW_ROW_LOCKS = ON, ALLOW_PAGE_LOCKS = ON, OPTIMIZE_FOR_SEQUENTIAL_KEY = OFF) ON [PRIMARY]\r\n) ON [PRIMARY]\r\nGO\r\n"],"metadata":{"urn":"Server[@Name='DESKTOP-9U5V67H']/Database[@Name='QLBDC']/Table[@Name='dangnhap' and @Schema='dbo']","object_type":"Table"}},{"cell_type":"markdown","source":["# [dbo].[dondathang]"],"metadata":{"urn":"Server[@Name='DESKTOP-9U5V67H']/Database[@Name='QLBDC']/Table[@Name='dondathang' and @Schema='dbo']","object_type":"Table"}},{"outputs":[],"execution_count":0,"cell_type":"code","source":["/****** Object:  Table [dbo].[dondathang]    Script Date: 01/05/2024 12:04:09 ******/\r\nSET ANSI_NULLS ON\r\n","GO\r\n","SET QUOTED_IDENTIFIER ON\r\n","GO\r\n","CREATE TABLE [dbo].[dondathang](\r\n\t[sohd] [int] IDENTITY(1,1) NOT NULL,\r\n\t[ngaydh] [date] NULL,\r\n\t[trigia] [int] NULL,\r\n\t[dagiao] [nvarchar](30) NULL,\r\n\t[ngaygiao] [date] NULL,\r\n\t[tennguoinhan] [nvarchar](30) NULL,\r\n\t[dcnhan] [nvarchar](50) NULL,\r\n\t[sdtnhan] [int] NULL,\r\n\t[htthanhtoan] [nvarchar](30) NULL,\r\n\t[htgiaohang] [nvarchar](30) NULL,\r\n\t[makh] [int] NULL,\r\nPRIMARY KEY CLUSTERED \r\n(\r\n\t[sohd] ASC\r\n)WITH (PAD_INDEX = OFF, STATISTICS_NORECOMPUTE = OFF, IGNORE_DUP_KEY = OFF, ALLOW_ROW_LOCKS = ON, ALLOW_PAGE_LOCKS = ON, OPTIMIZE_FOR_SEQUENTIAL_KEY = OFF) ON [PRIMARY]\r\n) ON [PRIMARY]\r\nGO\r\n"],"metadata":{"urn":"Server[@Name='DESKTOP-9U5V67H']/Database[@Name='QLBDC']/Table[@Name='dondathang' and @Schema='dbo']","object_type":"Table"}},{"cell_type":"markdown","source":["# [dbo].[khachhang]"],"metadata":{"urn":"Server[@Name='DESKTOP-9U5V67H']/Database[@Name='QLBDC']/Table[@Name='khachhang' and @Schema='dbo']","object_type":"Table"}},{"outputs":[],"execution_count":0,"cell_type":"code","source":["/****** Object:  Table [dbo].[khachhang]    Script Date: 01/05/2024 12:04:09 ******/\r\nSET ANSI_NULLS ON\r\n","GO\r\n","SET QUOTED_IDENTIFIER ON\r\n","GO\r\n","CREATE TABLE [dbo].[khachhang](\r\n\t[makh] [int] IDENTITY(1,1) NOT NULL,\r\n\t[tenkh] [nvarchar](30) NULL,\r\n\t[diachi] [nvarchar](50) NULL,\r\n\t[sdt] [int] NULL,\r\n\t[tendangnhap] [nvarchar](30) NULL,\r\n\t[matkhau] [int] NULL,\r\n\t[ngaysinh] [date] NULL,\r\n\t[gioitinh] [nvarchar](10) NULL,\r\n\t[email] [nvarchar](50) NULL,\r\nPRIMARY KEY CLUSTERED \r\n(\r\n\t[makh] ASC\r\n)WITH (PAD_INDEX = OFF, STATISTICS_NORECOMPUTE = OFF, IGNORE_DUP_KEY = OFF, ALLOW_ROW_LOCKS = ON, ALLOW_PAGE_LOCKS = ON, OPTIMIZE_FOR_SEQUENTIAL_KEY = OFF) ON [PRIMARY]\r\n) ON [PRIMARY]\r\nGO\r\n"],"metadata":{"urn":"Server[@Name='DESKTOP-9U5V67H']/Database[@Name='QLBDC']/Table[@Name='khachhang' and @Schema='dbo']","object_type":"Table"}},{"cell_type":"markdown","source":["# [dbo].[loaisp]"],"metadata":{"urn":"Server[@Name='DESKTOP-9U5V67H']/Database[@Name='QLBDC']/Table[@Name='loaisp' and @Schema='dbo']","object_type":"Table"}},{"outputs":[],"execution_count":0,"cell_type":"code","source":["/****** Object:  Table [dbo].[loaisp]    Script Date: 01/05/2024 12:04:09 ******/\r\nSET ANSI_NULLS ON\r\n","GO\r\n","SET QUOTED_IDENTIFIER ON\r\n","GO\r\n","CREATE TABLE [dbo].[loaisp](\r\n\t[maloai] [int] IDENTITY(1,1) NOT NULL,\r\n\t[tenloai] [nvarchar](60) NULL,\r\nPRIMARY KEY CLUSTERED \r\n(\r\n\t[maloai] ASC\r\n)WITH (PAD_INDEX = OFF, STATISTICS_NORECOMPUTE = OFF, IGNORE_DUP_KEY = OFF, ALLOW_ROW_LOCKS = ON, ALLOW_PAGE_LOCKS = ON, OPTIMIZE_FOR_SEQUENTIAL_KEY = OFF) ON [PRIMARY]\r\n) ON [PRIMARY]\r\nGO\r\n"],"metadata":{"urn":"Server[@Name='DESKTOP-9U5V67H']/Database[@Name='QLBDC']/Table[@Name='loaisp' and @Schema='dbo']","object_type":"Table"}},{"cell_type":"markdown","source":["# [dbo].[nhacungcap]"],"metadata":{"urn":"Server[@Name='DESKTOP-9U5V67H']/Database[@Name='QLBDC']/Table[@Name='nhacungcap' and @Schema='dbo']","object_type":"Table"}},{"outputs":[],"execution_count":0,"cell_type":"code","source":["/****** Object:  Table [dbo].[nhacungcap]    Script Date: 01/05/2024 12:04:09 ******/\r\nSET ANSI_NULLS ON\r\n","GO\r\n","SET QUOTED_IDENTIFIER ON\r\n","GO\r\n","CREATE TABLE [dbo].[nhacungcap](\r\n\t[mancc] [int] IDENTITY(1,1) NOT NULL,\r\n\t[tenncc] [nvarchar](60) NULL,\r\n\t[diachi] [nvarchar](30) NULL,\r\n\t[sdt] [int] NULL,\r\nPRIMARY KEY CLUSTERED \r\n(\r\n\t[mancc] ASC\r\n)WITH (PAD_INDEX = OFF, STATISTICS_NORECOMPUTE = OFF, IGNORE_DUP_KEY = OFF, ALLOW_ROW_LOCKS = ON, ALLOW_PAGE_LOCKS = ON, OPTIMIZE_FOR_SEQUENTIAL_KEY = OFF) ON [PRIMARY]\r\n) ON [PRIMARY]\r\nGO\r\n"],"metadata":{"urn":"Server[@Name='DESKTOP-9U5V67H']/Database[@Name='QLBDC']/Table[@Name='nhacungcap' and @Schema='dbo']","object_type":"Table"}},{"cell_type":"markdown","source":["# [dbo].[sanpham]"],"metadata":{"urn":"Server[@Name='DESKTOP-9U5V67H']/Database[@Name='QLBDC']/Table[@Name='sanpham' and @Schema='dbo']","object_type":"Table"}},{"outputs":[],"execution_count":0,"cell_type":"code","source":["/****** Object:  Table [dbo].[sanpham]    Script Date: 01/05/2024 12:04:09 ******/\r\nSET ANSI_NULLS ON\r\n","GO\r\n","SET QUOTED_IDENTIFIER ON\r\n","GO\r\n","CREATE TABLE [dbo].[sanpham](\r\n\t[masp] [int] IDENTITY(1,1) NOT NULL,\r\n\t[tensp] [nvarchar](60) NULL,\r\n\t[dvtinh] [nvarchar](30) NULL,\r\n\t[gia] [int] NULL,\r\n\t[mota] [nvarchar](50) NULL,\r\n\t[hinh] [nvarchar](50) NULL,\r\n\t[maloai] [int] NULL,\r\n\t[mancc] [int] NULL,\r\n\t[giamgia] [int] NULL,\r\nPRIMARY KEY CLUSTERED \r\n(\r\n\t[masp] ASC\r\n)WITH (PAD_INDEX = OFF, STATISTICS_NORECOMPUTE = OFF, IGNORE_DUP_KEY = OFF, ALLOW_ROW_LOCKS = ON, ALLOW_PAGE_LOCKS = ON, OPTIMIZE_FOR_SEQUENTIAL_KEY = OFF) ON [PRIMARY]\r\n) ON [PRIMARY]\r\nGO\r\n"],"metadata":{"urn":"Server[@Name='DESKTOP-9U5V67H']/Database[@Name='QLBDC']/Table[@Name='sanpham' and @Schema='dbo']","object_type":"Table"}},{"cell_type":"markdown","source":["# [dbo].[ctdathang]"],"metadata":{"urn":"Server[@Name='DESKTOP-9U5V67H']/Database[@Name='QLBDC']/Table[@Name='ctdathang' and @Schema='dbo']","object_type":"Table"}},{"outputs":[],"execution_count":0,"cell_type":"code","source":["INSERT [dbo].[ctdathang] ([sohd], [masp], [soluong], [dongia]) VALUES (1, 2, 12, 1200)\r\n","INSERT [dbo].[ctdathang] ([sohd], [masp], [soluong], [dongia]) VALUES (1, 4, 1234, 2)\r\n","INSERT [dbo].[ctdathang] ([sohd], [masp], [soluong], [dongia]) VALUES (1, 12, 12008, 4)\r\n","INSERT [dbo].[ctdathang] ([sohd], [masp], [soluong], [dongia]) VALUES (2, 1, 45, 1800)\r\n","INSERT [dbo].[ctdathang] ([sohd], [masp], [soluong], [dongia]) VALUES (3, 12, 12008, 63)\r\n","GO\r\n"],"metadata":{"urn":"Server[@Name='DESKTOP-9U5V67H']/Database[@Name='QLBDC']/Table[@Name='ctdathang' and @Schema='dbo']","object_type":"Table"}},{"cell_type":"markdown","source":["# [dbo].[dangnhap]"],"metadata":{"urn":"Server[@Name='DESKTOP-9U5V67H']/Database[@Name='QLBDC']/Table[@Name='dangnhap' and @Schema='dbo']","object_type":"Table"}},{"outputs":[],"execution_count":0,"cell_type":"code","source":["INSERT [dbo].[dangnhap] ([tendangnhap], [matkhau], [role]) VALUES (N'Admin', N'123456', N'admin')\r\n","INSERT [dbo].[dangnhap] ([tendangnhap], [matkhau], [role]) VALUES (N'user', N'123456', N'user')\r\n","GO\r\n"],"metadata":{"urn":"Server[@Name='DESKTOP-9U5V67H']/Database[@Name='QLBDC']/Table[@Name='dangnhap' and @Schema='dbo']","object_type":"Table"}},{"cell_type":"markdown","source":["# [dbo].[dondathang]"],"metadata":{"urn":"Server[@Name='DESKTOP-9U5V67H']/Database[@Name='QLBDC']/Table[@Name='dondathang' and @Schema='dbo']","object_type":"Table"}},{"outputs":[],"execution_count":0,"cell_type":"code","source":["SET IDENTITY_INSERT [dbo].[dondathang] ON \r\n","INSERT [dbo].[dondathang] ([sohd], [ngaydh], [trigia], [dagiao], [ngaygiao], [tennguoinhan], [dcnhan], [sdtnhan], [htthanhtoan], [htgiaohang], [makh]) VALUES (1, CAST(N'2023-02-01' AS Date), 1200, N'03/01/2022 0:00:00', CAST(N'2022-03-01' AS Date), N'nguyenkhanh', N'Việt Trì', 976543234, N'Tiền mặt', N'Giao nhanh', NULL)\r\n","INSERT [dbo].[dondathang] ([sohd], [ngaydh], [trigia], [dagiao], [ngaygiao], [tennguoinhan], [dcnhan], [sdtnhan], [htthanhtoan], [htgiaohang], [makh]) VALUES (2, CAST(N'2022-09-02' AS Date), 1800, N'02/10/2022 0:00:00', CAST(N'2022-03-01' AS Date), N'lemy', N'Yên Bái', 397678954, N'Chuyển khoản', N'Giao nhanh', NULL)\r\n","INSERT [dbo].[dondathang] ([sohd], [ngaydh], [trigia], [dagiao], [ngaygiao], [tennguoinhan], [dcnhan], [sdtnhan], [htthanhtoan], [htgiaohang], [makh]) VALUES (3, CAST(N'2022-02-01' AS Date), 12, N'không', CAST(N'2022-03-01' AS Date), N'levy', N'Việt Trì', 987654345, N'dsd', N'đf', NULL)\r\n","INSERT [dbo].[dondathang] ([sohd], [ngaydh], [trigia], [dagiao], [ngaygiao], [tennguoinhan], [dcnhan], [sdtnhan], [htthanhtoan], [htgiaohang], [makh]) VALUES (5, CAST(N'2022-02-01' AS Date), 12, N'Đang giao', CAST(N'2022-03-01' AS Date), N'levyk', N'Việt Trì', 987654345, N'Tiền mặt', N'đf', 4)\r\n","SET IDENTITY_INSERT [dbo].[dondathang] OFF\r\n","GO\r\n"],"metadata":{"urn":"Server[@Name='DESKTOP-9U5V67H']/Database[@Name='QLBDC']/Table[@Name='dondathang' and @Schema='dbo']","object_type":"Table"}},{"cell_type":"markdown","source":["# [dbo].[khachhang]"],"metadata":{"urn":"Server[@Name='DESKTOP-9U5V67H']/Database[@Name='QLBDC']/Table[@Name='khachhang' and @Schema='dbo']","object_type":"Table"}},{"outputs":[],"execution_count":0,"cell_type":"code","source":["SET IDENTITY_INSERT [dbo].[khachhang] ON \r\n","INSERT [dbo].[khachhang] ([makh], [tenkh], [diachi], [sdt], [tendangnhap], [matkhau], [ngaysinh], [gioitinh], [email]) VALUES (1, N'Nguyễn Khanh', N'Đà Nẵng', 987654323, N'nguyenkhanh', 123456, CAST(N'2001-12-02' AS Date), N'Nam', N'khanh123@gamil.com')\r\n","INSERT [dbo].[khachhang] ([makh], [tenkh], [diachi], [sdt], [tendangnhap], [matkhau], [ngaysinh], [gioitinh], [email]) VALUES (4, N'Hằng Nguyễn', N'Phú Thọ', 987654321, N'hang', 12345678, CAST(N'2001-11-01' AS Date), N'Nữ', N'hangpt201@gmail.com')\r\n","INSERT [dbo].[khachhang] ([makh], [tenkh], [diachi], [sdt], [tendangnhap], [matkhau], [ngaysinh], [gioitinh], [email]) VALUES (5, N'Lê My', N'Hà Nội', 398765434, N'lemy', 123456, CAST(N'2023-02-02' AS Date), N'Nữ', N'lemy12@gmail.com')\r\n","INSERT [dbo].[khachhang] ([makh], [tenkh], [diachi], [sdt], [tendangnhap], [matkhau], [ngaysinh], [gioitinh], [email]) VALUES (6, N'Trương Thảo Vy', N'Phú Quốc', 987654321, N'vytruong', 12345678, CAST(N'2001-10-07' AS Date), N'Nữ', N'vytruong1234@gamil.com')\r\n","INSERT [dbo].[khachhang] ([makh], [tenkh], [diachi], [sdt], [tendangnhap], [matkhau], [ngaysinh], [gioitinh], [email]) VALUES (7, N'Quang Minh', N'Phú Thọ', 987654321, N'quangminh', 12345678, CAST(N'1998-11-01' AS Date), N'Nam', N'minh123@gamil.com')\r\n","INSERT [dbo].[khachhang] ([makh], [tenkh], [diachi], [sdt], [tendangnhap], [matkhau], [ngaysinh], [gioitinh], [email]) VALUES (8, N'Quang Minh', N'Nhật Bản', 987654321, N'quangminh', 12345678, CAST(N'1998-02-02' AS Date), N'Nam', N'minh123@gamil.com')\r\n","SET IDENTITY_INSERT [dbo].[khachhang] OFF\r\n","GO\r\n"],"metadata":{"urn":"Server[@Name='DESKTOP-9U5V67H']/Database[@Name='QLBDC']/Table[@Name='khachhang' and @Schema='dbo']","object_type":"Table"}},{"cell_type":"markdown","source":["# [dbo].[loaisp]"],"metadata":{"urn":"Server[@Name='DESKTOP-9U5V67H']/Database[@Name='QLBDC']/Table[@Name='loaisp' and @Schema='dbo']","object_type":"Table"}},{"outputs":[],"execution_count":0,"cell_type":"code","source":["SET IDENTITY_INSERT [dbo].[loaisp] ON \r\n","INSERT [dbo].[loaisp] ([maloai], [tenloai]) VALUES (1, N'Gấu bông')\r\n","INSERT [dbo].[loaisp] ([maloai], [tenloai]) VALUES (2, N'Đồ chơi ô tô')\r\n","INSERT [dbo].[loaisp] ([maloai], [tenloai]) VALUES (3, N'Xếp hình')\r\n","INSERT [dbo].[loaisp] ([maloai], [tenloai]) VALUES (4, N'Búp bê')\r\n","INSERT [dbo].[loaisp] ([maloai], [tenloai]) VALUES (5, N'Đồ chơi rubik')\r\n","INSERT [dbo].[loaisp] ([maloai], [tenloai]) VALUES (6, N'Đồ chơi rút thanh gỗ')\r\n","INSERT [dbo].[loaisp] ([maloai], [tenloai]) VALUES (7, N'Đồ chơi giáo dục')\r\n","INSERT [dbo].[loaisp] ([maloai], [tenloai]) VALUES (8, N'Sở thích & Sưu tầm')\r\n","INSERT [dbo].[loaisp] ([maloai], [tenloai]) VALUES (13, N'Đồ chơi giải trí ')\r\n","SET IDENTITY_INSERT [dbo].[loaisp] OFF\r\n","GO\r\n"],"metadata":{"urn":"Server[@Name='DESKTOP-9U5V67H']/Database[@Name='QLBDC']/Table[@Name='loaisp' and @Schema='dbo']","object_type":"Table"}},{"cell_type":"markdown","source":["# [dbo].[nhacungcap]"],"metadata":{"urn":"Server[@Name='DESKTOP-9U5V67H']/Database[@Name='QLBDC']/Table[@Name='nhacungcap' and @Schema='dbo']","object_type":"Table"}},{"outputs":[],"execution_count":0,"cell_type":"code","source":["SET IDENTITY_INSERT [dbo].[nhacungcap] ON \r\n","INSERT [dbo].[nhacungcap] ([mancc], [tenncc], [diachi], [sdt]) VALUES (1, N'Thế giới đồ chơi ', N'Phú Thọ', 987654567)\r\n","INSERT [dbo].[nhacungcap] ([mancc], [tenncc], [diachi], [sdt]) VALUES (2, N'Đồ chơi trẻ em', N'Lào Cai', 367896543)\r\n","INSERT [dbo].[nhacungcap] ([mancc], [tenncc], [diachi], [sdt]) VALUES (3, N'Công ty sản xuất đồ chơi Phú Thái', N'Hà Nội', 987654321)\r\n","INSERT [dbo].[nhacungcap] ([mancc], [tenncc], [diachi], [sdt]) VALUES (5, N'Đồ Chơi Trẻ Em', N'Phú Quốc', 987654321)\r\n","SET IDENTITY_INSERT [dbo].[nhacungcap] OFF\r\n","GO\r\n"],"metadata":{"urn":"Server[@Name='DESKTOP-9U5V67H']/Database[@Name='QLBDC']/Table[@Name='nhacungcap' and @Schema='dbo']","object_type":"Table"}},{"cell_type":"markdown","source":["# [dbo].[sanpham]"],"metadata":{"urn":"Server[@Name='DESKTOP-9U5V67H']/Database[@Name='QLBDC']/Table[@Name='sanpham' and @Schema='dbo']","object_type":"Table"}},{"outputs":[],"execution_count":0,"cell_type":"code","source":["SET IDENTITY_INSERT [dbo].[sanpham] ON \r\n","INSERT [dbo].[sanpham] ([masp], [tensp], [dvtinh], [gia], [mota], [hinh], [maloai], [mancc], [giamgia]) VALUES (1, N'Gấu bông trắng', N'VNÐ', 1200, N' Trẻ em ', N'gaubong.jpg                                       ', 1, 1, 1100)\r\n","INSERT [dbo].[sanpham] ([masp], [tensp], [dvtinh], [gia], [mota], [hinh], [maloai], [mancc], [giamgia]) VALUES (2, N'Gấu bông Yoda', N'20', 1800, N'không', N'yoda.jpg                                          ', 1, 1, 1500)\r\n","INSERT [dbo].[sanpham] ([masp], [tensp], [dvtinh], [gia], [mota], [hinh], [maloai], [mancc], [giamgia]) VALUES (3, N'Oto điều khiển từ xa', N'VNÐ', 12367, N'không', N'oto.jpg                                           ', 2, 1, NULL)\r\n","INSERT [dbo].[sanpham] ([masp], [tensp], [dvtinh], [gia], [mota], [hinh], [maloai], [mancc], [giamgia]) VALUES (4, N'Gấu bông hươu cao cổ', N'VNÐ', 100000, N'Trẻ em từ 1 tuổi trở lên', N'huou.jpg                                          ', 1, 1, NULL)\r\n","INSERT [dbo].[sanpham] ([masp], [tensp], [dvtinh], [gia], [mota], [hinh], [maloai], [mancc], [giamgia]) VALUES (5, N'Gấu Bông Chó Shiba', N'VNÐ', 100500, N'trẻ em', N'anh2.jpg                                          ', 1, 1, NULL)\r\n","INSERT [dbo].[sanpham] ([masp], [tensp], [dvtinh], [gia], [mota], [hinh], [maloai], [mancc], [giamgia]) VALUES (6, N'Thỏ Bông thêu tên cho bé', N'VNÐ', 105000, N'trẻ em', N'anh3.jpg                                          ', 1, 1, 99000)\r\n","INSERT [dbo].[sanpham] ([masp], [tensp], [dvtinh], [gia], [mota], [hinh], [maloai], [mancc], [giamgia]) VALUES (7, N'Gấu Bông Mèo Hoàng Thượng', N'VNÐ', 205000, N'trẻ em', N'anh4.jpg                                          ', 1, 1, 199000)\r\n","INSERT [dbo].[sanpham] ([masp], [tensp], [dvtinh], [gia], [mota], [hinh], [maloai], [mancc], [giamgia]) VALUES (8, N'Gấu Bông Quả Bơ MINO ', N'VNÐ', 305000, N'trẻ em', N'anh5.jpg                                          ', 1, 1, NULL)\r\n","INSERT [dbo].[sanpham] ([masp], [tensp], [dvtinh], [gia], [mota], [hinh], [maloai], [mancc], [giamgia]) VALUES (9, N'Gấu bông thỏ nhồi bông ', N'VNÐ', 105000, N'trẻ em', N'anh5.jpg                                          ', 1, 1, NULL)\r\n","INSERT [dbo].[sanpham] ([masp], [tensp], [dvtinh], [gia], [mota], [hinh], [maloai], [mancc], [giamgia]) VALUES (10, N'Đồ Chơi Xếp Hình Khối Bằng Gỗ ', N'VNÐ', 100000, N'Trẻ em trên 3 tuổi', N'xephinh.jpg                                       ', 3, 3, 99000)\r\n","INSERT [dbo].[sanpham] ([masp], [tensp], [dvtinh], [gia], [mota], [hinh], [maloai], [mancc], [giamgia]) VALUES (11, N'Đồ Chơi Xếp Hình Khối Bằng Gỗ ', N'VNÐ', 100000, N'Trẻ em trên 3 tuổi', N'xephinh.jpg                                       ', 3, 3, NULL)\r\n","INSERT [dbo].[sanpham] ([masp], [tensp], [dvtinh], [gia], [mota], [hinh], [maloai], [mancc], [giamgia]) VALUES (12, N'Đồ Chơi Xếp Hình Khối Bằng Gỗ ', N'VNÐ', 100000, N'Trẻ em trên 3 tuổi', N'xephinh.jpg                                       ', 3, 3, NULL)\r\n","INSERT [dbo].[sanpham] ([masp], [tensp], [dvtinh], [gia], [mota], [hinh], [maloai], [mancc], [giamgia]) VALUES (13, N'Đồ Chơi Montessori Thả Hình Bằng Gỗ', N'VNÐ', 106000, N'Trẻ em trên 2 tuổi', N'xephinh1.jpg                                      ', 3, 3, NULL)\r\n","INSERT [dbo].[sanpham] ([masp], [tensp], [dvtinh], [gia], [mota], [hinh], [maloai], [mancc], [giamgia]) VALUES (14, N'Hộp xếp hình 520 chi tiết cho bé sáng tạo', N'VNÐ', 200000, N'Trẻ em trên 2 tuổi', N'xephinh2.jpg                                      ', 3, 3, NULL)\r\n","INSERT [dbo].[sanpham] ([masp], [tensp], [dvtinh], [gia], [mota], [hinh], [maloai], [mancc], [giamgia]) VALUES (15, N'Mô Hình Đồ Chơi Lắp Ráp Khủng Long 3D Cỡ Lớn 33cm', N'VNÐ', 600000, N'Trẻ em trên 2 tuổi', N'xephinh3.jpg                                      ', 3, 3, NULL)\r\n","INSERT [dbo].[sanpham] ([masp], [tensp], [dvtinh], [gia], [mota], [hinh], [maloai], [mancc], [giamgia]) VALUES (16, N'Mô Hình Đồ Chơi Lắp Ráp Khủng Long 3D Cỡ Lớn 33cm', N'VNÐ', 600000, N'Trẻ em trên 2 tuổi', N'xephinh3.jpg                                      ', 3, 3, NULL)\r\n","INSERT [dbo].[sanpham] ([masp], [tensp], [dvtinh], [gia], [mota], [hinh], [maloai], [mancc], [giamgia]) VALUES (17, N'Đồ Chơi Lắp Ráp Hình stitch Nhiều Kiểu Dáng Cỡ Lớn', N'VNÐ', 400000, N'Trẻ em trên 2 tuổi', N'xephinh4.jpg                                      ', 3, 3, NULL)\r\n","INSERT [dbo].[sanpham] ([masp], [tensp], [dvtinh], [gia], [mota], [hinh], [maloai], [mancc], [giamgia]) VALUES (59, N'Gấu bông hươu cao cổ', N'VNÐ', 200, N'99', N'anh6.jpg', 1, 1, 1)\r\n","INSERT [dbo].[sanpham] ([masp], [tensp], [dvtinh], [gia], [mota], [hinh], [maloai], [mancc], [giamgia]) VALUES (61, N'Bộ xếp hình', N'VNÐ', 200, N'99', N'anh7.jpg', 1, 1, 12)\r\n","INSERT [dbo].[sanpham] ([masp], [tensp], [dvtinh], [gia], [mota], [hinh], [maloai], [mancc], [giamgia]) VALUES (63, N'Oto điều khiển từ xa', N'VNÐ', 44, N'Trẻ em trên 2 tuổi', N'anh6.jpg', 1, 1, 9)\r\n","INSERT [dbo].[sanpham] ([masp], [tensp], [dvtinh], [gia], [mota], [hinh], [maloai], [mancc], [giamgia]) VALUES (66, N'Búp bê cho bé gái cao 30cm', N'VNÐ', 20000, N'Trẻ em trên 2 tuổi', N'bupbe.jpg', 4, 5, 10000)\r\n","INSERT [dbo].[sanpham] ([masp], [tensp], [dvtinh], [gia], [mota], [hinh], [maloai], [mancc], [giamgia]) VALUES (67, N'Đồ chơi búp bê nhồi bông YAZHOULONG', N'VNÐ', 30000, N'Trẻ em trên 2 tuổi', N'bupbe1.jpg', 4, 5, 10000)\r\n","INSERT [dbo].[sanpham] ([masp], [tensp], [dvtinh], [gia], [mota], [hinh], [maloai], [mancc], [giamgia]) VALUES (68, N'Búp bê cho bé gái cao 30cm', N'VNÐ', 20000, N'Trẻ em trên 2 tuổi', N'bupbe.jpg', 4, 5, 10000)\r\n","INSERT [dbo].[sanpham] ([masp], [tensp], [dvtinh], [gia], [mota], [hinh], [maloai], [mancc], [giamgia]) VALUES (69, N'Búp bê cho bé gái cao 30cm', N'VNÐ', 20000, N'Trẻ em trên 2 tuổi', N'bupbe2.jpg', 4, 5, 10000)\r\n","INSERT [dbo].[sanpham] ([masp], [tensp], [dvtinh], [gia], [mota], [hinh], [maloai], [mancc], [giamgia]) VALUES (70, N'Oto điều khiển từ xa', N'VNÐ', 3, N'Trẻ em trên 2 tuổi', N'anh5.jpg', 1, 1, 2)\r\n","SET IDENTITY_INSERT [dbo].[sanpham] OFF\r\n","GO\r\n"],"metadata":{"urn":"Server[@Name='DESKTOP-9U5V67H']/Database[@Name='QLBDC']/Table[@Name='sanpham' and @Schema='dbo']","object_type":"Table"}},{"cell_type":"markdown","source":["# [FK__ctdathang__masp__31EC6D26]"],"metadata":{"urn":"Server[@Name='DESKTOP-9U5V67H']/Database[@Name='QLBDC']/Table[@Name='ctdathang' and @Schema='dbo']/ForeignKey[@Name='FK__ctdathang__masp__31EC6D26']","object_type":"ForeignKey"}},{"outputs":[],"execution_count":0,"cell_type":"code","source":["ALTER TABLE [dbo].[ctdathang]  WITH CHECK ADD FOREIGN KEY([masp])\r\nREFERENCES [dbo].[sanpham] ([masp])\r\n","GO\r\n"],"metadata":{"urn":"Server[@Name='DESKTOP-9U5V67H']/Database[@Name='QLBDC']/Table[@Name='ctdathang' and @Schema='dbo']/ForeignKey[@Name='FK__ctdathang__masp__31EC6D26']","object_type":"ForeignKey"}},{"cell_type":"markdown","source":["# [FK__ctdathang__sohd__30F848ED]"],"metadata":{"urn":"Server[@Name='DESKTOP-9U5V67H']/Database[@Name='QLBDC']/Table[@Name='ctdathang' and @Schema='dbo']/ForeignKey[@Name='FK__ctdathang__sohd__30F848ED']","object_type":"ForeignKey"}},{"outputs":[],"execution_count":0,"cell_type":"code","source":["ALTER TABLE [dbo].[ctdathang]  WITH CHECK ADD FOREIGN KEY([sohd])\r\nREFERENCES [dbo].[dondathang] ([sohd])\r\n","GO\r\n"],"metadata":{"urn":"Server[@Name='DESKTOP-9U5V67H']/Database[@Name='QLBDC']/Table[@Name='ctdathang' and @Schema='dbo']/ForeignKey[@Name='FK__ctdathang__sohd__30F848ED']","object_type":"ForeignKey"}},{"cell_type":"markdown","source":["# [FK__dondathang__makh__2E1BDC42]"],"metadata":{"urn":"Server[@Name='DESKTOP-9U5V67H']/Database[@Name='QLBDC']/Table[@Name='dondathang' and @Schema='dbo']/ForeignKey[@Name='FK__dondathang__makh__2E1BDC42']","object_type":"ForeignKey"}},{"outputs":[],"execution_count":0,"cell_type":"code","source":["ALTER TABLE [dbo].[dondathang]  WITH CHECK ADD FOREIGN KEY([makh])\r\nREFERENCES [dbo].[khachhang] ([makh])\r\nON DELETE CASCADE\r\n","GO\r\n"],"metadata":{"urn":"Server[@Name='DESKTOP-9U5V67H']/Database[@Name='QLBDC']/Table[@Name='dondathang' and @Schema='dbo']/ForeignKey[@Name='FK__dondathang__makh__2E1BDC42']","object_type":"ForeignKey"}},{"cell_type":"markdown","source":["# [FK__sanpham__maloai__2A4B4B5E]"],"metadata":{"urn":"Server[@Name='DESKTOP-9U5V67H']/Database[@Name='QLBDC']/Table[@Name='sanpham' and @Schema='dbo']/ForeignKey[@Name='FK__sanpham__maloai__2A4B4B5E']","object_type":"ForeignKey"}},{"outputs":[],"execution_count":0,"cell_type":"code","source":["ALTER TABLE [dbo].[sanpham]  WITH CHECK ADD FOREIGN KEY([maloai])\r\nREFERENCES [dbo].[loaisp] ([maloai])\r\nON DELETE CASCADE\r\n","GO\r\n"],"metadata":{"urn":"Server[@Name='DESKTOP-9U5V67H']/Database[@Name='QLBDC']/Table[@Name='sanpham' and @Schema='dbo']/ForeignKey[@Name='FK__sanpham__maloai__2A4B4B5E']","object_type":"ForeignKey"}},{"cell_type":"markdown","source":["# [FK__sanpham__mancc__2B3F6F97]"],"metadata":{"urn":"Server[@Name='DESKTOP-9U5V67H']/Database[@Name='QLBDC']/Table[@Name='sanpham' and @Schema='dbo']/ForeignKey[@Name='FK__sanpham__mancc__2B3F6F97']","object_type":"ForeignKey"}},{"outputs":[],"execution_count":0,"cell_type":"code","source":["ALTER TABLE [dbo].[sanpham]  WITH CHECK ADD FOREIGN KEY([mancc])\r\nREFERENCES [dbo].[nhacungcap] ([mancc])\r\nON DELETE CASCADE\r\n","GO\r\n"],"metadata":{"urn":"Server[@Name='DESKTOP-9U5V67H']/Database[@Name='QLBDC']/Table[@Name='sanpham' and @Schema='dbo']/ForeignKey[@Name='FK__sanpham__mancc__2B3F6F97']","object_type":"ForeignKey"}}]}